{
  "stardewEventID": 19957,
  "eventStringId": "HappyBirthday_Events_BirthdayParty_Dating_Harvey",
  "version": 2,
  "EventData": "playful/6 6/farmer 6 11 0 Harvey 3 6 2/skippable/globalFadeToClear 0.007/move farmer 0 -5 0 False/move farmer -2 0 3 False/faceDirection Harvey 1 True/Omegasis.HappyBirthday.Events.SpeakWithTranslatedMessage Harvey DatingHarveyBirthday_Harvey:0/Omegasis.HappyBirthday.Events.SpeakWithTranslatedMessage Harvey DatingHarveyBirthday_Harvey:1/emote farmer 8/Omegasis.HappyBirthday.Events.SpeakWithTranslatedMessage Harvey DatingHarveyBirthday_Harvey:2/Omegasis.HappyBirthday.Events.SpeakWithTranslatedMessage Harvey DatingHarveyBirthday_Harvey:3/emote farmer 20/emote Harvey 20/globalFade 0.01/viewport -100 -100 true/Omegasis.HappyBirthday.Events.ShowTranslatedMessage DatingHarveyBirthday_Finish:0/Omegasis.HappyBirthday.Events.ShowTranslatedMessage DatingHarveyBirthday_Finish:1/Omegasis.EventFramework.AddObjectToPlayersInventory 237 1 False/Omegasis.EventFramework.AddObjectToPlayersInventory 348 1 False/Omegasis.HappyBirthday.Events.ShowTranslatedMessage PartyOver/end",
  "EventPreconditionData": "Omegasis.HappyBirthday.Framework.EventPreconditions.FarmerBirthdayPrecondition/StardustCore.Events.Preconditions.GameLocationPrecondition HarveyRoom/StardustCore.Events.Preconditions.TimeSpecific.TimeOfDayPrecondition 600 2600/StardustCore.Events.Preconditions.NPCSpecific.DatingNPC Harvey/"
}