{
  "stardewEventID": 19913,
  "eventStringId": "HappyBirthday_Events_BirthdayParty_Dating_Maru",
  "version": 2,
  "EventData": "playful/28 12/farmer 23 12 1 Maru 27 11 2 Sebastian 26 13 0 Robin 28 9 0 Demetrius 30 11 3/skippable/globalFadeToClear 0.007/move farmer 3 0 1 True/faceDirection Maru 3 True/faceDirection Demetrius 3 True/faceDirection Robin 2 True/Omegasis.HappyBirthday.Events.SpeakWithTranslatedMessage Maru DatingMaruBirthday_Maru:0/Omegasis.HappyBirthday.Events.SpeakWithTranslatedMessage Demetrius DatingMaruBirthday_Demetrius:0/Omegasis.HappyBirthday.Events.SpeakWithTranslatedMessage Maru DatingMaruBirthday_Maru:1/Omegasis.HappyBirthday.Events.SpeakWithTranslatedMessage Sebastian DatingMaruBirthday_Sebastian:0/Omegasis.HappyBirthday.Events.SpeakWithTranslatedMessage Robin DatingMaruBirthday_Robin:0/Omegasis.HappyBirthday.Events.SpeakWithTranslatedMessage Demetrius DatingMaruBirthday_Demetrius:1/emote Robin 16/faceDirection Robin 0 True/Omegasis.HappyBirthday.Events.SpeakWithTranslatedMessage Robin DatingMaruBirthday_Robin:1/faceDirection Robin 2 True/move Robin 0 1 2 False/addObject 27 12 220/Omegasis.HappyBirthday.Events.SpeakWithTranslatedMessage Maru DatingMaruBirthday_Maru:2/emote farmer 40/Omegasis.HappyBirthday.Events.SpeakWithTranslatedMessage Sebastian DatingMaruBirthday_Sebastian:1/Omegasis.HappyBirthday.Events.SpeakWithTranslatedMessage Maru DatingMaruBirthday_Maru:3/emote farmer 20/emote Maru 20/globalFade 0.01/viewport -100 -100 true/Omegasis.HappyBirthday.Events.ShowTranslatedMessage DatingMaruBirthday_Finish:0/Omegasis.HappyBirthday.Events.ShowTranslatedMessage DatingMaruBirthday_Finish:1/Omegasis.EventFramework.AddObjectToPlayersInventory 220 1 False/Omegasis.HappyBirthday.Events.ShowTranslatedMessage PartyOver/end",
  "EventPreconditionData": "Omegasis.HappyBirthday.Framework.EventPreconditions.FarmerBirthdayPrecondition/StardustCore.Events.Preconditions.GameLocationPrecondition ScienceHouse/StardustCore.Events.Preconditions.TimeSpecific.TimeOfDayPrecondition 600 2600/StardustCore.Events.Preconditions.NPCSpecific.DatingNPC Maru/"
}