{
  "stardewEventID": 19960,
  "eventStringId": "HappyBirthday_Events_BirthdayParty_Dating_Shane",
  "version": 2,
  "EventData": "playful/26 15/farmer 19 18 3 Shane 25 16 2/skippable/globalFadeToClear 0.007/move farmer 3 0 1 False/move farmer 0 -2 0 False/move farmer 2 0 1 False/faceDirection Shane 3 True/Omegasis.HappyBirthday.Events.SpeakWithTranslatedMessage Shane DatingShaneBirthday_Shane:0/Omegasis.HappyBirthday.Events.SpeakWithTranslatedMessage Shane DatingShaneBirthday_Shane:1/Omegasis.HappyBirthday.Events.SpeakWithTranslatedMessage Shane DatingShaneBirthday_Shane:2/Omegasis.HappyBirthday.Events.SpeakWithTranslatedMessage Shane DatingShaneBirthday_Shane:3/emote farmer 20/emote Shane 20/globalFade 0.01/viewport -100 -100 true/Omegasis.HappyBirthday.Events.ShowTranslatedMessage DatingShaneBirthday_Finish:0/Omegasis.HappyBirthday.Events.ShowTranslatedMessage DatingShaneBirthday_Finish:1/Omegasis.EventFramework.AddObjectToPlayersInventory 206 1 False/Omegasis.EventFramework.AddObjectToPlayersInventory 167 1 False/Omegasis.HappyBirthday.Events.ShowTranslatedMessage PartyOver/end",
  "EventPreconditionData": "Omegasis.HappyBirthday.Framework.EventPreconditions.FarmerBirthdayPrecondition/StardustCore.Events.Preconditions.GameLocationPrecondition AnimalShop/StardustCore.Events.Preconditions.TimeSpecific.TimeOfDayPrecondition 600 2600/StardustCore.Events.Preconditions.NPCSpecific.DatingNPC Shane/"
}