{
  "stardewEventID": 19903,
  "eventStringId": "HappyBirthday_Events_AskPlayerForFavoriteGift_Farmhouse_2",
  "version": 2,
  "EventData": "playful/6 14/farmer 9 14 0 $Spouse 6 14 0/faceDirection farmer 3 True/globalFadeToClear 0.007/move farmer -2 0 3 False/faceDirection $Spouse 1 True/Omegasis.HappyBirthday.Events.SpeakWithTranslatedMessage $Spouse SpouseAskPlayerForFavoriteGift_$Spouse_0/Omegasis.HappyBirthday.Events.ShowFavoriteGiftSelectionMenu/Omegasis.HappyBirthday.Events.SpeakWithTranslatedMessage $Spouse SpouseAskPlayerForFavoriteGift_$Spouse_1/globalFade 0.01/viewport -100 -100 true/end",
  "EventPreconditionData": "StardustCore.Events.Preconditions.TimeSpecific.TimeOfDayPrecondition 600 2600/Omegasis.HappyBirthday.Framework.EventPreconditions.GameLocationIsHome/Omegasis.HappyBirthday.Framework.EventPreconditions.HasChosenFavoriteGiftPrecondition False/Omegasis.HappyBirthday.Framework.EventPreconditions.FarmHouseLevelPrecondition 3/Omegasis.HappyBirthday.Framework.EventPreconditions.IsMarried/"
}