{
  "stardewEventID": 19922,
  "eventStringId": "HappyBirthday_Events_JunimoCommunityCenterBirthday",
  "version": 2,
  "EventData": "playful/32 12/farmer 32 22 0/skippable/Omegasis.EventFramework.AddInJunimoActor Juni 32 10 64 224 208 False/Omegasis.EventFramework.AddInJunimoActor Juni2 30 11 255 235 205 False/Omegasis.EventFramework.AddInJunimoActor Juni3 34 11 255 165 0 False/Omegasis.EventFramework.AddInJunimoActor Juni4 26 11 250 128 114 False/Omegasis.EventFramework.AddInJunimoActor Juni5 28 11 152 251 152 False/Omegasis.EventFramework.AddInJunimoActor Juni6Tank 38 10 210 180 140 False/Omegasis.EventFramework.AddInJunimoActor Juni7 27 16 255 255 255 False/Omegasis.EventFramework.AddInJunimoActor Juni8 40 15 218 165 32 False/Omegasis.EventFramework.AddInJunimoAdvanceMove Juni6Tank 60 1 True 2432_640 2432_704 2496_704 2560_704 2624_704 2688_704 2688_640 2624_640 2560_640 2496_640/Omegasis.EventFramework.FlipJunimoActor Juni5 True/faceDirection Juni4 1 True/animate Juni4 false true 250 16 16/faceDirection Juni5 3 True/animate Juni5 true true 250 16 16/faceDirection Juni7 2 True/animate Juni7 false true 250 0 0/animate Juni true true 250 28 29 30 31/animate Juni7 false true 250 44 45 46 47/animate Juni8 false true 250 12 13 14 15/globalFadeToClear 0.007/move farmer 0 -10 0 True/faceDirection Juni4 2 True/animate Juni4 false true 250 0 0/faceDirection Juni5 2 True/animate Juni5 false true 250 0 0/Omegasis.EventFramework.RemoveJunimoAdvanceMove Juni6Tank /faceDirection Juni6Tank 2 True/animate Juni6Tank false true 250 0 0/faceDirection Juni7 1 True/animate Juni7 false true 250 16 16/Omegasis.EventFramework.FlipJunimoActor Juni8 True/faceDirection Juni8 3 True/animate Juni8 true true 250 16 16/playSound junimoMeep1/emote farmer 16/Omegasis.HappyBirthday.Events.ShowTranslatedMessage JunimoBirthdayParty_0/emote farmer 20/globalFade 0.01/viewport -100 -100 true/Omegasis.HappyBirthday.Events.ShowTranslatedMessage JunimoBirthdayParty_1/Omegasis.HappyBirthday.Events.ShowTranslatedMessage PartyOver/Omegasis.EventFramework.AddObjectToPlayersInventory 220 1 False/end",
  "EventPreconditionData": "Omegasis.HappyBirthday.Framework.EventPreconditions.FarmerBirthdayPrecondition/StardustCore.Events.Preconditions.GameLocationPrecondition CommunityCenter/StardustCore.Events.Preconditions.TimeSpecific.TimeOfDayPrecondition 600 2600/StardustCore.Events.Preconditions.Player.CanReadJunimo/StardustCore.Events.Preconditions.PlayerSpecific.JojaMemeber False/"
}