{
  "stardewEventID": 19958,
  "eventStringId": "HappyBirthday_Events_BirthdayParty_Dating_Elliott",
  "version": 2,
  "EventData": "playful/3 5/farmer 3 8 0 Elliott 3 5 2/skippable/globalFadeToClear 0.007/move farmer 0 -2 0 False/Omegasis.HappyBirthday.Events.SpeakWithTranslatedMessage Elliott DatingElliottBirthday_Elliott:0/Omegasis.HappyBirthday.Events.SpeakWithTranslatedMessage Elliott DatingElliottBirthday_Elliott:1/Omegasis.HappyBirthday.Events.SpeakWithTranslatedMessage Elliott DatingElliottBirthday_Elliott:2/Omegasis.HappyBirthday.Events.SpeakWithTranslatedMessage Elliott DatingElliottBirthday_Elliott:3/Omegasis.HappyBirthday.Events.SpeakWithTranslatedMessage Elliott DatingElliottBirthday_Elliott:4/emote farmer 40/Omegasis.HappyBirthday.Events.SpeakWithTranslatedMessage Elliott DatingElliottBirthday_Elliott:5/emote farmer 20/emote Elliott 20/globalFade 0.01/viewport -100 -100 true/Omegasis.HappyBirthday.Events.ShowTranslatedMessage DatingElliottBirthday_Finish:0/Omegasis.HappyBirthday.Events.ShowTranslatedMessage DatingElliottBirthday_Finish:1/Omegasis.EventFramework.AddObjectToPlayersInventory 220 1 False/Omegasis.HappyBirthday.Events.ShowTranslatedMessage PartyOver/end",
  "EventPreconditionData": "Omegasis.HappyBirthday.Framework.EventPreconditions.FarmerBirthdayPrecondition/StardustCore.Events.Preconditions.GameLocationPrecondition ElliottHouse/StardustCore.Events.Preconditions.TimeSpecific.TimeOfDayPrecondition 600 2600/StardustCore.Events.Preconditions.NPCSpecific.DatingNPC Elliott/"
}