{
  "stardewEventID": 19955,
  "eventStringId": "HappyBirthday_Events_BirthdayParty_Dating_Abigail_Seedshop",
  "version": 2,
  "EventData": "playful/35 7/farmer 31 11 0 Abigail 36 9 3 Pierre 33 6 2 Caroline 35 5 0/skippable/globalFadeToClear 0.007/move farmer 0 -2 1 False/move farmer 4 0 1 False/Omegasis.HappyBirthday.Events.SpeakWithTranslatedMessage Abigail DatingAbigailBirthday_Abigail:0/faceDirection Caroline 2 True/Omegasis.HappyBirthday.Events.SpeakWithTranslatedMessage Pierre DatingAbigailBirthday_Pierre:0/Omegasis.HappyBirthday.Events.SpeakWithTranslatedMessage Caroline DatingAbigailBirthday_Caroline:0/addObject 35 5 220/Omegasis.HappyBirthday.Events.SpeakWithTranslatedMessage Abigail DatingAbigailBirthday_Abigail:1/Omegasis.HappyBirthday.Events.SpeakWithTranslatedMessage Pierre DatingAbigailBirthday_Pierre:1/Omegasis.HappyBirthday.Events.SpeakWithTranslatedMessage Caroline DatingAbigailBirthday_Caroline:1/Omegasis.HappyBirthday.Events.SpeakWithTranslatedMessage Caroline DatingAbigailBirthday_Caroline:2/Omegasis.HappyBirthday.Events.SpeakWithTranslatedMessage Abigail DatingAbigailBirthday_Abigail:2/emote farmer 40/Omegasis.HappyBirthday.Events.SpeakWithTranslatedMessage Abigail DatingAbigailBirthday_Abigail:3/Omegasis.HappyBirthday.Events.SpeakWithTranslatedMessage Abigail DatingAbigailBirthday_Abigail:4/emote farmer 20/emote Abigail 20/globalFade 0.01/viewport -100 -100 true/Omegasis.HappyBirthday.Events.ShowTranslatedMessage DatingAbigailBirthday_Finish:0/Omegasis.HappyBirthday.Events.ShowTranslatedMessage DatingAbigailBirthday_Finish:1/Omegasis.EventFramework.AddObjectToPlayersInventory 220 1 False/Omegasis.HappyBirthday.Events.ShowTranslatedMessage PartyOver/end",
  "EventPreconditionData": "Omegasis.HappyBirthday.Framework.EventPreconditions.FarmerBirthdayPrecondition/StardustCore.Events.Preconditions.GameLocationPrecondition SeedShop/StardustCore.Events.Preconditions.TimeSpecific.TimeOfDayPrecondition 600 2600/StardustCore.Events.Preconditions.TimeSpecific.DayOfWeekPrecondition Sunday Monday Tuesday Thursday Friday Saturday /StardustCore.Events.Preconditions.NPCSpecific.DatingNPC Abigail/"
}