{
  "BirthdayError_FestivalDay": "You can't have your birthday on a festival day. Sorry!",
  "Date": "Date",
  "Default Birthday Wish": "Happy birthday, @!",
  "FavoriteGift": "Favorite Gift",
  "Happy Birthday: Farmhand Birthday Message": "It's @'s birthday! Happy birthday to them!",
  "Happy Birthday: Star Message": "It's your birthday today! Happy birthday!",
  "Season": "Season",
  "Selected": "Selected",
  "TimeOfDay_Morning": "Morning",
  "TimeOfDay_Afternoon": "Afternoon",
  "TimeOfDay_Night":"Evening"
}
