[
  {
    "minRequiredHearts": 0,
    "maxRequiredHearts": 20,
    "objectID": "StardewValley.Object.Egg",
    "minAmount": 4,
    "maxAmount": 4
  },
  {
    "minRequiredHearts": 0,
    "maxRequiredHearts": 20,
    "objectID": "StardewValley.Object.SalmonDinner",
    "minAmount": 1,
    "maxAmount": 1
  },
  {
    "minRequiredHearts": 0,
    "maxRequiredHearts": 20,
    "objectID": "StardewValley.Object.CompleteBreakfast",
    "minAmount": 1,
    "maxAmount": 1
  },
  {
    "minRequiredHearts": 0,
    "maxRequiredHearts": 20,
    "objectID": "StardewValley.Object.PurpleMushroom",
    "minAmount": 1,
    "maxAmount": 1
  }
]