[
  {
    "minRequiredHearts": 0,
    "maxRequiredHearts": 20,
    "objectID": "StardewValley.Object.Snail",
    "minAmount": 1,
    "maxAmount": 1
  },
  {
    "minRequiredHearts": 0,
    "maxRequiredHearts": 20,
    "objectID": "StardewValley.Object.WildHorseradish",
    "minAmount": 1,
    "maxAmount": 1
  },
  {
    "minRequiredHearts": 0,
    "maxRequiredHearts": 20,
    "objectID": "StardewValley.Object.Daffodil",
    "minAmount": 1,
    "maxAmount": 1
  },
  {
    "minRequiredHearts": 0,
    "maxRequiredHearts": 20,
    "objectID": "StardewValley.Object.Leek",
    "minAmount": 1,
    "maxAmount": 1
  },
  {
    "minRequiredHearts": 0,
    "maxRequiredHearts": 20,
    "objectID": "StardewValley.Object.Dandelion",
    "minAmount": 1,
    "maxAmount": 1
  },
  {
    "minRequiredHearts": 0,
    "maxRequiredHearts": 20,
    "objectID": "StardewValley.Object.CaveCarrot",
    "minAmount": 1,
    "maxAmount": 1
  },
  {
    "minRequiredHearts": 0,
    "maxRequiredHearts": 20,
    "objectID": "StardewValley.Object.Morel",
    "minAmount": 1,
    "maxAmount": 1
  },
  {
    "minRequiredHearts": 0,
    "maxRequiredHearts": 20,
    "objectID": "StardewValley.Object.Chanterelle",
    "minAmount": 1,
    "maxAmount": 1
  },
  {
    "minRequiredHearts": 0,
    "maxRequiredHearts": 20,
    "objectID": "StardewValley.Object.Holly",
    "minAmount": 1,
    "maxAmount": 1
  },
  {
    "minRequiredHearts": 0,
    "maxRequiredHearts": 20,
    "objectID": "StardewValley.Object.SpringOnion",
    "minAmount": 1,
    "maxAmount": 1
  },
  {
    "minRequiredHearts": 0,
    "maxRequiredHearts": 20,
    "objectID": "StardewValley.Object.CommonMushroom",
    "minAmount": 1,
    "maxAmount": 1
  },
  {
    "minRequiredHearts": 0,
    "maxRequiredHearts": 20,
    "objectID": "StardewValley.Object.Hazelnut",
    "minAmount": 1,
    "maxAmount": 1
  },
  {
    "minRequiredHearts": 0,
    "maxRequiredHearts": 20,
    "objectID": "StardewValley.Object.WinterRoot",
    "minAmount": 1,
    "maxAmount": 1
  },
  {
    "minRequiredHearts": 0,
    "maxRequiredHearts": 20,
    "objectID": "StardewValley.Object.SnowYam",
    "minAmount": 1,
    "maxAmount": 1
  },
  {
    "minRequiredHearts": 0,
    "maxRequiredHearts": 20,
    "objectID": "StardewValley.Object.RedMushroom",
    "minAmount": 1,
    "maxAmount": 1
  },
  {
    "minRequiredHearts": 0,
    "maxRequiredHearts": 20,
    "objectID": "StardewValley.Object.PurpleMushroom",
    "minAmount": 1,
    "maxAmount": 1
  }
]